-- Popular tabela CATEGORIA
INSERT INTO CATEGORIA (nome, descrição) VALUES
('Ação', 'Jogos com muita ação e combate.'),
('Tiro em Primeira Pessoa (FPS)', 'Jogos de tiro com perspectiva em primeira pessoa.'),
('Tiro em Terceira Pessoa (TPS)', 'Jogos de tiro com perspectiva em terceira pessoa.'),
('Aventura', 'Jogos com foco em exploração e narrativa.'),
('Aventura em Mundo Aberto', 'Jogos de aventura com vastos mundos para explorar.'),
('RPG', 'Jogos de interpretação de papéis com progressão de personagem.'),
('MMORPG', 'RPGs online massivos para múltiplos jogadores.'),
('RPG de Ação', 'Combinação de elementos de RPG e ação.'),
('Estratégia', 'Jogos que exigem planejamento e tática.'),
('Estratégia em Tempo Real (RTS)', 'Jogos de estratégia com ação em tempo real.'),
('Estratégia Baseada em Turnos', 'Jogos de estratégia com turnos para cada jogador.'),
('Simulação', 'Jogos que simulam atividades da vida real.'),
('Simulação de Voo', 'Simulação de pilotagem de aeronaves.'),
('Simulação de Corrida', 'Simulação de corridas de carro ou outros veículos.'),
('Esporte', 'Jogos que simulam esportes reais.'),
('Esportes de Luta', 'Jogos de luta com mecânicas esportivas.'),
('Esportes Radicais', 'Jogos que simulam esportes radicais como skate e snowboard.'),
('Puzzle', 'Jogos de quebra-cabeça e lógica.'),
('Plataforma', 'Jogos com foco em pulos e movimentação em plataformas.'),
('Luta', 'Jogos de combate corpo a corpo.'),
('Horror', 'Jogos com temática de terror e suspense.'),
('Sobrevivência', 'Jogos com foco em sobrevivência em ambientes hostis.'),
('Indie', 'Jogos independentes com estilos únicos.'),
('Casual', 'Jogos fáceis de jogar e com curta duração.'),
('Música', 'Jogos com foco em ritmo e música.'),
('Dança', 'Jogos que simulam dança.'),
('Tabuleiro', 'Adaptações digitais de jogos de tabuleiro.'),
('Cartas', 'Adaptações digitais de jogos de cartas.'),
('Party Games', 'Jogos para jogar com amigos em festas.'),
('Infantil', 'Jogos voltados para o público infantil.');

-- Popular tabela CONQUISTA
INSERT INTO CONQUISTA (nome, descrição) VALUES
('Primeiros Passos', 'Complete o tutorial.'),
('Explorador Novato', 'Descubra 5 áreas secretas.'),
('Colecionador Iniciante', 'Colete 10 itens.'),
('Primeira Vitória', 'Vença sua primeira partida.'),
('Aventureiro Curioso', 'Jogue por 10 horas.'),
('Mestre da Exploração', 'Descubra 20 áreas secretas.'),
('Colecionador Dedicado', 'Colete 50 itens.'),
('Vitória Consistente', 'Vença 10 partidas consecutivas.'),
('Maratonista de Jogos', 'Jogue por 50 horas.'),
('Desafio Aceito', 'Complete 5 desafios difíceis.'),
('Explorador Lendário', 'Descubra todas as áreas secretas.'),
('Colecionador Mestre', 'Colete todos os itens raros.'),
('Invencível', 'Vença 20 partidas consecutivas sem perder nenhuma.'),
('Viciado em Games', 'Jogue por 100 horas.'),
('Conquistador Supremo', 'Complete todos os desafios do jogo na dificuldade máxima.'),
('Atirador de Elite', 'Acerte 100 tiros na cabeça.'),
('Demolidor', 'Destrua 50 veículos.'),
('Imparável', 'Elimine 20 inimigos sem morrer.'),
('Mestre das Magias', 'Aprenda todas as magias disponíveis.'),
('Guerreiro Lendário', 'Derrote o chefe final sem usar poções de cura.'),
('Diplomata Nato', 'Complete todas as missões sem entrar em combate.'),
('General Imbatível', 'Vença uma partida sem perder nenhuma unidade.'),
('Conquistador Mundial', 'Domine todos os territórios do mapa.'),
('Estrategista Mestre', 'Utilize todas as unidades do jogo de forma eficaz.'),
('Artilheiro Nato', 'Marque 50 gols.'),
('Defesa Implacável', 'Não sofra nenhum gol em 5 partidas seguidas.'),
('Campeão Invencível', 'Vença o campeonato sem perder nenhuma partida.'),
('Mestre dos Enigmas', 'Resolva todos os quebra-cabeças sem dicas.'),
('Gênio da Lógica', 'Complete todos os puzzles em tempo recorde.'),
('Desvendador de Mistérios', 'Descubra todos os segredos escondidos nos puzzles.');

-- Popular tabela PERFIL
INSERT INTO PERFIL (nome, apelido, email, numero_telefone) VALUES
('Marcelo Martins', 'MarMar2', 'marcelo.martins2@hotmail.com', 8725214),
('Adriana Gonçalves', 'AdrGon3', 'adriana.gonçalves34@yahoo.com.br', 03736001),
('Ricardo Moreira 1', 'RicMor4', 'ricardo.moreira2d4@outlook.com', 2718738),
('Marcelo Gonçalves 2', 'MarGon5', 'marcelo.gonçalves15@yahoo.com.br', 02007166),
('Marcelo Monteiro 3', 'MarMon6', 'marcelo.monteiro6@gmail.com', 554834),
('Thiago Moreira 4', 'ThiMor7', 'thiago.moreira7@yahoo.com.br', 20823352),
('Fernanda Dias 5', 'FerDia8', 'fernanda.dias38@hotmail.com', 3374020),
('Natália Nunes 6', 'NatNun', 'natália.nunes@yahoo.com.br', 26744143),
('José Melo 7', 'JosMel10', 'josé.melo104@bol.com.br', 718448),
('Roberto Judas', 'RicMor', 'ricardo.moreira99@yahoo.com.br', 22458007), -- Modificado
('Cristiane Orvalho', 'CriCar12', 'cristiane2.carvalho12@hotmail.com', 37827218),
('Raquel Pereira', 'RaqPer13', 'raquel.pereira13@yahoo.com.br', 826367),
('Sandra Cardoso', 'SanCar14', 'sandra.cardoso14@hotmail.com', 15066),
('Márcio Henriques', 'MárHen15', 'márcio.henriques15@gmail.com', 541676),
('Pedro Teixeira', 'PedTei16', 'pedro.teixeira16@bol.com.br', 6856837),
('Raquel Moreira', 'RaqMor17', 'raquel.moreira17@bol.com.br', 61712622),
('Raquel Santoss', 'RaqSan18', 'raquel.santos118@outlook.com', 3642557),
('Fábio Cruz', 'FábCru1', 'fábio.cruz1@yahoo.com.br', 58160585),
('Cláudia Santos', 'CláSan20', 'cláudia.santos20@hotmail.com', 2021723),
('Anderson Roberto', 'AndMar21', 'andersons.martins241@yahoo.com.br', 84327327),
('Renata Alves 19', 'RenAlv22', 'renata.alvess22@gmail.com', 14325430),
('Camila Nunez', 'CamNun23', 'camila.nunez23@hotmail.com', 6274456),
('Julia Santoz', 'JulSan24', 'julia.santoz24@yahoo.com.br', 0027867),
('Larissa Tavarez', 'LarTav25', 'larissa.tavarez55@gmail.com', 033881),
('Márcio Araújos 08', 'MárAra26', 'márcio.araújoz06@outlook.com', 13222),
('Beatriz Azevedoz', 'BeaAze27', 'beatris.azevedo27@yahoo.com.br', 84718361),
('Débora Marques 35', 'DébMar28', 'déboras.marquez28@outlook.com', 88472274),
('Marcelo Marques 10', 'MarMar2', 'marcelo.marques2@outlook.com', 750764),
('Amanda Rodriguez 47', 'AmaRod30', 'amanda.rodriguez30@yahoo.com.br', 37612686),
('Fernanda Pinheiro 28', 'FerPin31', 'fernanda.pinheiro31@hotmail.com', 20838362),
('Vinícius Freitaz 29', 'VinFre32', 'vinícius.freitaz32@yahoo.com.br', 17714055),
('Márcio Nunez 03', 'MárNun33', 'márcio.nunez0.@outlook.com', 4774366),
('Gabriel Alvez 1', 'GabAlv34', 'gabriel.alvezs34@bol.com.br', 1753031),
('Eduardo Vieira 32', 'EduVie35', 'eduardo.vieira35@outlook.com', 74434531),
('Carlos Silva 33', 'CarSil36', 'carlos.silva36@gmail.com', 20062673),
('Paulo Barbosa', 'PauBar37', 'paulo.barbosa37@bol.com.br', 71038786),
('Débora Araújo', 'DébAra38', 'débora.araújo38@hotmail.com', 7823718),
('João Marques', 'JoãMar3', 'joão.marques3@yahoo.com.br', 38025413),
('Anderson Pinheiro', 'AndPin40', 'anderson.pinheiro40@hotmail.com', 13101660),
('Guilherme Henriques', 'GuiHen41', 'guilherme.henriques41@bol.com.br', 35347824),
('Ana Coelho', 'AnaCoe42', 'ana.coelho42@outlook.com', 83886002),
('Rodrigo Moreira', 'RodMor43', 'rodrigo.moreira43@outlook.com', 187653),
('Bruna Dias', 'BruDia44', 'bruna.dias44@yahoo.com.br', 8074080),
('Natália Santos 45', 'NatSan45', 'natália.santos45@hotmail.com', 42155),
('Pedro Arrocha', 'AdrGon3', 'adriana.gonçalves3@yahoo.com.br', 03736001), -- Modificado
('Ricardo Moreira 12', 'RicMor4', 'ricardo.moreira4@outlook.com', 2718738),
('Marcelo Gonçalves 13', 'MarGon5', 'marcelo.gonçalves5@yahoo.com.br', 02007166),
('Marcelo Monteiro 14', 'MarMon6', 'marcelo.monteiro26@gmail.com', 554834),
('Thiago Moreira 15', 'ThiMor7', 'thiago.moreira27@yahoo.com.br', 20823352),
('Fernanda Dias 16', 'FerDia8', 'fernanda.dias8@hotmail.com', 3374020),
('Natália Nunes 17', 'NatNun', 'natália.nunes23@yahoo.com.br', 26744143),
('José Melo Junior 18', 'JosMel10', 'josé.melo10@bol.com.br', 718448),
('Ricardo Augusto', 'RicMor', 'ricardo.moreira6@outlook.com', 22458007), -- Modificado
('Cristiane Carvalho', 'CriCar12', 'cristiane.carvalho12@hotmail.com', 37827218),
('Raquel Pereiras', 'RaqPer13', 'raquel.pereira143@yahoo.com.br', 826367),
('Sandra Cardosos', 'SanCar14', 'sandra.cardoso134@hotmail.com', 15066),
('Márcio Henrique', 'MárHen15', 'márcio.henriques135@gmail.com', 541676),
('Pedro Teixeirass', 'PedTei16', 'pedro.teixeira016@bol.com.br', 6856837),
('Raquel Moreirass', 'RaqMor17', 'raquel.moreira197@bol.com.br', 61712622),
('Raquel Santos', 'RaqSan18', 'raquel.santos18@outlook.com', 3642557),
('Fábio Cruzz', 'FábCru1', 'fábio.cruz19@yahoo.com.br', 58160585),
('Cláudia Santoss', 'CláSan20', 'cláudia.santoss20@hotmail.com', 2021723),
('Anderson Martins', 'AndMar21', 'anderson.martins21@yahoo.com.br', 84327327),
('Renata Alvess', 'RenAlv22', 'renata.alves22@gmail.com', 14325430),
('Camila Nunes 20', 'CamNun23', 'camila.nunes23@hotmail.com', 6274456),
('Julia Santos 21', 'JulSan24', 'julia.santos24@yahoo.com.br', 0027867),
('Larissa Tavares 22', 'LarTav25', 'larissa.tavares25@gmail.com', 033881),
('Márcio Araújo 23', 'MárAra26', 'márcio.araújo26@outlook.com', 13222),
('Beatriz Azevedo 24', 'BeaAze27', 'beatriz.azevedo27@yahoo.com.br', 84718361),
('Débora Marques 25', 'DébMar28', 'débora.marques28@outlook.com', 88472274),
('Marcelo Marques 26', 'MarMar2', 'marcelo.marquez2@outlook.com', 750764),
('Amanda Rodrigues 27', 'AmaRod30', 'amanda.rodrigues30@yahoo.com.br', 37612686),
('Fernanda Pinheiroz 28', 'FerPin31', 'fernanda.pinheiroz1@hotmail.com', 20838362),
('Vinícius Freitas 29', 'VinFre32', 'vinícius.freitaz@yahoo.com.br', 17714055),
('Márcio Nunes 30', 'MárNun33', 'márcio.nunes33@outlook.com', 4774366),
('Gabriel Alves 31', 'GabAlv34', 'gabriel.alves34@bol.com.br', 1753031),
('Eduardo Vieira 023', 'EduVie35', 'eduardo.viira35@outlook.com', 74434531),
('Carloz Silva 33', 'CarSil36', 'carlos.zilva36@gmail.com', 20062673),
('Fernanda Vicente', 'FerVic61', 'fernanda.vicente61@gmail.com', 50017231),
('Letícia Pires', 'LetPir62', 'letícia.pires62@bol.com.br', 84270376),
('Fábio Machado', 'FábMac63', 'fábio.machado63@hotmail.com', 61246367),
('Carlos Monteiro', 'CarMon64', 'carlos.monteiro64@outlook.com', 36241604),
('Larissa Azevedo', 'LarAze65', 'larissa.azevedo65@bol.com.br', 03165),
('Cristiane Sousa', 'CriSou66', 'cristiane.sousa66@outlook.com', 7727726),
('Vanessa Gomes', 'VanGom67', 'vanessa.gomes67@bol.com.br', 33620025),
('Marcelo Vicente', 'MarVic68', 'marcelo.vicente68@yahoo.com.br', 0068768),
('Fábio Moraes', 'FábMor6', 'fábio.moraes6@outlook.com', 6877074),
('Simone Souza', 'SimSou70', 'simone.souza70@hotmail.com', 11085633),
('Daniel Fernandes', 'DanFer71', 'daniel.fernandes71@gmail.com', 088468),
('Bruno Teixeira', 'BruTei72', 'bruno.teixeira72@hotmail.com', 42173561),
('Paulo Ribeiro', 'PauRib73', 'paulo.ribeiro73@outlook.com', 7744225),
('Ricardo Rodrigues', 'RicRod74', 'ricardo.rodrigues74@outlook.com', 766573),
('Simone Dias', 'SimDia75', 'simone.dias75@hotmail.com', 4414364),
('Alexandre Machado', 'AleMac76', 'alexandre.machado76@outlook.com', 30848671),
('Bruna Rodrigues', 'BruRod77', 'bruna.rodrigues77@hotmail.com', 53455328),
('Alexandre Carvalho', 'AleCar78', 'alexandre.carvalho78@hotmail.com', 62725821),
('José Marques 34', 'JosMar7', 'josé.marques7@bol.com.br', 357503),
('Guilherme Santos', 'GuiSan80', 'guilherme.santos80@yahoo.com.br', 2467440),
('Fernanda Silva', 'FerSil81', 'fernanda.silva81@hotmail.com', 2615738),
('Juliana Vicente', 'JulVic82', 'juliana.vicente82@outlook.com', 81787431),
('Amanda Andrade', 'AmaAnd83', 'amanda.andrade83@yahoo.com.br', 0008488),
('Natália Correia', 'NatCor84', 'natália.correia84@bol.com.br', 577206),
('Cláudia Pinheiro', 'CláPin85', 'cláudia.pinheiro85@hotmail.com', 5475730),
('José Araújo', 'JosAra86', 'josé.araújo86@hotmail.com', 7354013),
('Patrícia Marques', 'PatMar87', 'patrícia.marques87@bol.com.br', 5236572),
('Letícia Costa', 'LetCos88', 'letícia.costa88@bol.com.br', 71041667),
('Bruna Teixeira', 'BruTei8', 'bruna.teixeira8@gmail.com', 1762807),
('Felipe Cardoso', 'FelCar0', 'felipe.cardoso0@hotmail.com', 8041850),
('Sandra Lima', 'SanLim1', 'sandra.lima1@gmail.com', 861852),
('Juliana Melo', 'JulMel2', 'juliana.melo2@yahoo.com.br', 741653),
('Amanda Campos', 'AmaCam3', 'amanda.campos3@outlook.com', 62553072),
('Rodrigo Antunes', 'RodAnt4', 'rodrigo.antunes4@gmail.com', 8778552),
('Marcelo Dias', 'MarDia5', 'marcelo.dias5@bol.com.br', 5457262),
('Lucas Santos', 'LucSan6', 'lucas.santos6@gmail.com', 5761666),
('Anderson Nascimento', 'AndNas7', 'anderson.nascimento7@yahoo.com.br', 3440516),
('Sérgio Gonçalves', 'SérGon8', 'sérgio.gonçalves8@yahoo.com.br', 06017070),
('Ricardo Pereira', 'RicPer', 'ricardo.pereira@hotmail.com', 1413782),
('Rafael Melo', 'RafMel100', 'rafael.melo100@hotmail.com', 771570);

-- Populando tabela JOGOS
INSERT INTO JOGOS (nome, preco, data_lancamento, ce_id_categoria) VALUES
('Guardiões da Galáxia: Batalha Final', 59.99, '2023-03-15', 15),
('Call of Honor: Linha de Frente', 79.90, '2022-11-20', 7),
('Need for Drift: Tokyo Nights', 49.95, '2024-06-10', 23),
('Silent Hill: Ecos do Passado', 69.99, '2023-09-01', 12),
('Star Command: Frota Estelar', 89.90, '2022-04-25', 8),
('Harvest Valley: Contos da Fazenda', 39.99, '2024-01-12', 19),
('Portal of Minds: Desafios Mentais', 29.90, '2023-07-18', 4),
('Jump Force: Heróis Unidos', 54.99, '2022-08-05', 25),
('Ultimate Fighting Championship 2024', 74.90, '2023-12-22', 11),
('Resident Evil: Vila Maldita', 64.99, '2024-05-03', 17),
('Days Gone: Estrada da Sobrevivência', 44.99, '2023-02-10', 2),
('The Elder Scrolls VI: Domínio Perdido', 79.99, '2022-09-15', 3),
('Counter-Strike: Global Offensive 2', 69.90, '2024-07-20', 29),
('Subnautica: Below Zero', 59.95, '2023-05-01', 10),
('Mass Effect: Andromeda 2', 84.90, '2022-06-25', 6),
('Stardew Valley 2: Expansão Rural', 49.99, '2024-03-12', 20),
('The Witness 2: Segredos da Ilha', 34.90, '2023-11-18', 5),
('Celeste 2: Além das Nuvens', 59.99, '2022-12-05', 28),
('EA Sports FIFA 2025', 79.90, '2023-04-22', 22),
('Outlast 3: Profecia Sombria', 69.99, '2024-09-03', 14),
('The Long Dark: Inverno Eterno', 49.99, '2023-08-10', 1),
('Kingdom Come: Deliverance II', 84.99, '2022-01-15', 30),
('Tom Clancys Rainbow Six Siege 2', 69.90, '2024-10-20', 18),
('BioShock 4: Ascensão das Cidades', 64.95, '2023-06-01', 16),
('Halo Infinite 2: Guerra pela Galáxia', 89.90, '2022-07-25', 13),
('Animal Crossing: Nova Vida Urbana', 54.99, '2024-02-12', 21),
('Baba Is You 2: Desafios da Lógica', 39.90, '2023-10-18', 9),
('Hollow Knight: Seda e Canções', 64.99, '2022-03-05', 27),
('eFootball PES 2025', 84.90, '2023-09-22', 24),
('Layers of Fear 3: Retratos da Loucura', 74.99, '2024-08-03', 11),
('Cyberpunk 2077: Phantom Liberty 2', 89.99, '2025-01-15', 20),
('Horizon Forbidden West 2: Terras Desconhecidas', 79.99, '2024-08-08', 2),
('Death Stranding 2: Conexões Perdidas', 74.99, '2024-12-03', 26),
('Detroit: Become Human 2', 69.99, '2025-05-10', 15),
('The Last of Us Part III: Vingança Sombria', 89.99, '2024-07-25', 8),
('Ghost of Tsushima 2: Lendas da Ilha', 79.99, '2025-02-18', 6),
('Days Gone 2: O Retorno da Horda', 74.99, '2024-10-01', 12),
('Uncharted 5: O Legado dos Ladrões', 84.99, '2025-04-05', 3),
('Ratchet & Clank: Em Busca do Tempo', 69.99, '2024-11-19', 17),
('Returnal 2: Ciclos da Vingança', 79.99, '2025-07-02', 28),
('Grand Theft Auto VI: Vice City 2', 99.90, '2025-03-27', 9),
('Red Dead Redemption 3: Lendas do Oeste', 89.90, '2024-11-05', 4),
('God of War: Ragnarök - Valhalla', 79.99, '2024-09-19', 1),
('Spider-Man 3: Teias do Destino', 84.99, '2025-06-12', 23),
('The Legend of Zelda: Tears of the Kingdom - Expansão', 74.99, '2024-04-26', 19),
('Final Fantasy VII Remake Part 3', 99.99, '2025-09-25', 25),
('Kingdom Hearts IV: A Busca pela Luz', 89.99, '2024-12-17', 22),
('Dragon Age: Dreadwolf', 84.99, '2025-03-04', 14),
('Mass Effect 5', 89.99, '2024-10-29', 8),
('The Elder Scrolls VI: Redfall', 99.99, '2025-06-24', 30);

-- Popular tabela ACERVO
INSERT INTO ACERVO (tipo, ce_id_perfil, ce_id_jogo, ce_id_conquista) VALUES
('Desejo', 1, 10, 5),
('Desejo', 2, 22, 12),
('Desejo', 3, 14, 3),
('Desejo', 4, 36, 25),
('Desejo', 5, 40, 19),
('Desejo', 6, 18, 24),
('Desejo', 7, 5, 9),
('Desejo', 8, 29, 17),
('Desejo', 9, 33, 22),
('Desejo', 10, 42, 7),
('Desejo', 11, 20, 10),
('Desejo', 12, 26, 15),
('Desejo', 13, 11, 30),
('Desejo', 14, 7, 1),
('Desejo', 15, 48, 6),
('Desejo', 16, 2, 13),
('Desejo', 17, 50, 20),
('Desejo', 18, 28, 29),
('Desejo', 19, 44, 4),
('Desejo', 20, 39, 21),
('Desejo', 21, 30, 8),
('Desejo', 22, 45, 26),
('Desejo', 23, 8, 2),
('Desejo', 24, 32, 14),
('Desejo', 25, 3, 27),
('Desejo', 26, 15, 16),
('Desejo', 27, 37, 18),
('Desejo', 28, 46, 11),
('Desejo', 29, 12, 23),
('Desejo', 30, 25, 28),
('Desejo', 31, 17, 3),
('Desejo', 32, 23, 20),
('Desejo', 33, 34, 5),
('Desejo', 34, 6, 9),
('Desejo', 35, 9, 12),
('Desejo', 36, 35, 15),
('Desejo', 37, 41, 30),
('Desejo', 38, 13, 7),
('Desejo', 39, 49, 26),
('Desejo', 40, 4, 1),
('Desejo', 41, 21, 14),
('Desejo', 42, 16, 19),
('Desejo', 43, 27, 25),
('Desejo', 44, 19, 2),
('Desejo', 45, 38, 11),
('Desejo', 46, 47, 17),
('Desejo', 47, 24, 28),
('Desejo', 48, 15, 6),
('Desejo', 49, 43, 24),
('Desejo', 50, 31, 22),
('Comprado', 51, 45, 22),
('Comprado', 52, 19, 3),
('Comprado', 53, 33, 10),
('Comprado', 54, 48, 26),
('Comprado', 55, 6, 1),
('Comprado', 56, 12, 17),
('Comprado', 57, 29, 19),
('Comprado', 58, 21, 25),
('Comprado', 59, 40, 8),
('Comprado', 60, 4, 15),
('Comprado', 61, 50, 20),
('Comprado', 62, 37, 12),
('Comprado', 63, 16, 7),
('Comprado', 64, 2, 24),
('Comprado', 65, 30, 5),
('Comprado', 66, 8, 14),
('Comprado', 67, 35, 30),
('Comprado', 68, 1, 9),
('Comprado', 69, 17, 13),
('Comprado', 70, 38, 27),
('Comprado', 71, 25, 4),
('Comprado', 72, 11, 6),
('Comprado', 73, 44, 18),
('Comprado', 74, 10, 2),
('Comprado', 75, 20, 11),
('Comprado', 76, 32, 29),
('Comprado', 77, 42, 15),
('Comprado', 78, 49, 8),
('Comprado', 79, 43, 26),
('Comprado', 80, 39, 23),
('Comprado', 81, 3, 10),
('Comprado', 82, 28, 3),
('Comprado', 83, 46, 14),
('Comprado', 84, 26, 26),
('Comprado', 85, 34, 30),
('Comprado', 86, 41, 19),
('Comprado', 87, 24, 2),
('Comprado', 88, 15, 20),
('Comprado', 89, 14, 17),
('Comprado', 90, 5, 1),
('Comprado', 91, 18, 16),
('Comprado', 92, 9, 6),
('Comprado', 93, 36, 9),
('Comprado', 94, 22, 5),
('Comprado', 95, 7, 24),
('Comprado', 96, 27, 11),
('Comprado', 97, 13, 15),
('Comprado', 98, 23, 12),
('Comprado', 99, 44, 4),
('Comprado', 100, 30, 8);

-- Adicionando para AMIGOS
INSERT INTO AMIGOS (ce_id_perfil, ce_nome_perfil) VALUES
(1, 'Marcelo Martins'),
(2, 'Adriana Gonçalves'),
(3, 'Ricardo Moreira 1'),
(4, 'Marcelo Gonçalves 2'),
(5, 'Marcelo Monteiro 3'),
(6, 'Thiago Moreira 4'),
(7, 'Fernanda Dias 5'),
(8, 'Natália Nunes 6'),
(9, 'José Melo 7'),
(10, 'Roberto Judas'),
(11, 'Cristiane Orvalho'),
(12, 'Raquel Pereira'),
(13, 'Sandra Cardoso'),
(14, 'Márcio Henriques'),
(15, 'Pedro Teixeira'),
(16, 'Raquel Moreira'),
(17, 'Raquel Santoss'),
(18, 'Fábio Cruz'),
(19, 'Cláudia Santos'),
(20, 'Anderson Roberto'),
(21, 'Renata Alves 19'),
(22, 'Camila Nunez'),
(23, 'Julia Santoz'),
(24, 'Larissa Tavarez'),
(25, 'Márcio Araújos 08'),
(26, 'Beatriz Azevedoz'),
(27, 'Débora Marques 35'),
(28, 'Marcelo Marques 10'),
(29, 'Amanda Rodriguez 47'),
(30, 'Fernanda Pinheiro 28');

-- Adicionando para AMIGOS
DO $$
DECLARE
    num_amigos INT;
    num_perfis INT;
    i INT := 1;
    amigo_id INT;
BEGIN
    SELECT COUNT(*) INTO num_amigos FROM AMIGOS;
    SELECT COUNT(*) INTO num_perfis FROM PERFIL;

    WHILE i <= 50 LOOP
        -- Seleciona um amigo aleatório
        SELECT cp_id_amigo INTO amigo_id FROM AMIGOS OFFSET floor(random() * num_amigos) LIMIT 1;

        -- Insere uma amizade aleatória para o amigo selecionado
        INSERT INTO amigos_perfil (tempo_jogado_juntos, dt_inicio, ce_id_amigo, ce_id_perfil)
        SELECT
            (random() * 1000)::int,
            to_char(date '2020-01-01' + (random() * 1460)::int, 'YYYY-MM-DD'),
            amigo_id,
            (random() * (num_perfis - 1) + 1)::int
        WHERE NOT EXISTS (
            SELECT 1
            FROM amigos_perfil ap
            WHERE ap.ce_id_amigo = amigo_id AND ap.ce_id_perfil = (random() * (num_perfis - 1) + 1)::int
        );

        -- Incrementa o contador somente se a inserção foi bem-sucedida
        IF FOUND THEN
          i := i + 1;
        END IF;

    END LOOP;
END $$;

-- Adicionando para AMIGOS
INSERT INTO GRUPO (nome, descrição, numero_participantes) VALUES 
('Mestres do RPG', 'Para jogadores de RPG de mesa e online. Compartilhando histórias e dicas.', 75);
('Estrategistas de Tabuleiro', 'Amantes de jogos de tabuleiro modernos e clássicos. Encontros e torneios.', 50),
('Gamers de Ação', 'Para quem curte jogos de tiro, luta e aventura. Dicas e gameplays.', 120),
('Simuladores de Voo', 'Pilotos virtuais compartilhando experiências e mods.', 35),
('Fãs de MMORPGs', 'Junte-se a outros jogadores de MMORPGs. Raids, quests e muito mais.', 90),
('Colecionadores de Games', 'Compartilhando coleções raras e informações sobre jogos antigos.', 60),
('Desenvolvedores Indie', 'Espaço para desenvolvedores independentes mostrarem seus jogos.', 40),
('Speedrunners BR', 'Comunidade de speedrunners brasileiros. Desafios e recordes.', 25),
('Jogos de Terror', 'Para os fãs de jogos de terror e suspense. Discussões e gameplays.', 80),
('Clássicos dos Games', 'Relembrando os jogos que marcaram época. Nostalgia garantida.', 100),
('Mundo Nintendo', 'Para fãs dos consoles e jogos da Nintendo.', 110),
('PlayStation Nation', 'Comunidade dedicada aos jogadores de PlayStation.', 130),
('Xbox Brasil', 'Para a comunidade Xbox no Brasil.', 95),
('PC Gamers Elite', 'Para jogadores de PC com configurações poderosas.', 70),
('Jogos Mobile BR', 'Tudo sobre jogos para celular. Dicas e novidades.', 150),
('eSports Brasil', 'Discussões e notícias sobre o cenário de eSports no Brasil.', 65),
('Cosplayers Gamers', 'Mostrando os melhores cosplays inspirados em jogos.', 55),
('Criadores de Conteúdo Gamer', 'Para streamers e youtubers de jogos divulgarem seus trabalhos.', 30),
('Jogos de Luta BR', 'Comunidade de jogadores de jogos de luta no Brasil.', 45),
('Fãs de Souls-like', 'Para quem gosta de desafios difíceis. Dicas e builds.', 60),
('Indie Games Brasil', 'Apoiando e divulgando os jogos independentes brasileiros.', 85),
('Retro Gamers Club', 'Relembrando os consoles e jogos antigos. Muita nostalgia.', 90),
('Board Game Nights', 'Organizando noites de jogos de tabuleiro entre amigos.', 40),
('Card Games Brasil', 'Para jogadores de card games colecionáveis e TCGs.', 75),
('Game Devs Iniciantes', 'Espaço para quem está começando a desenvolver jogos.', 50),
('Modding Community', 'Compartilhando mods e ferramentas para modificar jogos.', 35),
('VR Gamers Brasil', 'Para os entusiastas de jogos de realidade virtual.', 20),
('Crossplay BR', 'Jogando juntos independente da plataforma.', 100),
('Game Photography', 'Compartilhando belas capturas de tela de jogos.', 60),
('Análise de Jogos', 'Debates e análises sobre os jogos mais recentes.', 70),
('Sekiro BR', 'Para jogadores de Sekiro: Shadows Die Twice no Brasil.', 45);

-- Adicionando para grupos_perfil
DO $$ 
DECLARE
    num_grupos INT;
    num_perfis INT;
BEGIN
    SELECT COUNT(*) INTO num_grupos FROM GRUPO;
    SELECT COUNT(*) INTO num_perfis FROM PERFIL;

    -- Insere registros aleatórios na tabela grupo_perfil
    INSERT INTO grupo_perfil (ce_id_grupo, ce_id_perfil)
    SELECT (random() * (num_grupos - 1) + 1)::int, (random() * (num_perfis - 1) + 1)::int
    FROM generate_series(1, 200); -- Insere 500 registros aleatórios

END $$;